temp,MC
18,8.492455074638528
20,8.434577164550479
22,8.439728411344605
