temp,MC
19.25,3.3478931882680003
19.5,3.1289860219721137
19.75,3.133352464728226
20.0,3.318784117748484
20.25,3.3364344220786597
20.5,3.198999617967025
20.75,3.160572662805237
