temp,MC
19.25,4.176198478381082
19.5,4.323543524148132
19.75,4.443090461493263
20.0,4.5610417113540205
20.25,4.6667508078956494
20.5,4.7754483774839205
20.75,4.883918413128465
