temp,MC
19.25,3.846730956664844
19.5,4.0317146496217395
19.75,4.154107724285825
20.0,4.257236150501564
20.25,4.359080473991295
20.5,4.417011337610637
20.75,4.483942120035289
