temp,MC
18,8.664410455273828
20,8.664410455273828
22,8.664410455273828
