temp,MC
19.25,5.122544013449613
19.5,5.158244549128259
19.75,5.116073296136545
20.0,5.134216869933237
20.25,5.09482098202034
20.5,5.068584868712177
20.75,5.060372290635469
