feature,pearson_r,spearman_rho
amplitude_MC,0.5755986784906634,0.3071785829148113
std_CQ,-0.24351127732242872,-0.15943328092365291
first_order_sensitivity_MC,-0.2111360185957584,-0.02720518084920823
