averagenrmse,y_pred
0.849952711,0.8521497511464378
0.895702804,0.8521497511464378
1.03776813,0.6909054764691365
0.869188534,0.8645649498502581
1.153712408,0.934324796224185
1.020907269,0.9189313497626546
0.849495784,0.8699069791618359
