averagenrmse,y_pred
0.849952711,0.8823265489735905
0.895702804,1.0526039358919053
1.03776813,0.6689376575376929
0.869188534,0.7823397896099169
1.153712408,0.7440862030488762
1.020907269,0.8768622473725673
0.849495784,1.0670892101406326
