averagenrmse,y_pred
0.849952711,0.970091608423117
0.895702804,0.8782676492165951
1.03776813,1.0150128435463006
0.871154464,1.0059817777429447
0.996049345,0.9845871716617144
0.856286473,0.8699647978475145
0.757411763,1.0443777551337363
