temp,MC
19.1,5.232761132554359
19.2,5.241142982461653
19.3,5.291497505633453
19.4,5.24716628165924
19.5,5.3348694327795325
19.6,5.3441022578390065
19.7,5.3651028479059715
19.8,5.466864143440939
19.9,5.447894869729869
20.0,5.510507158838396
20.1,5.53298062398686
20.2,5.572005815378062
20.3,5.543886969535466
20.4,5.564406662637589
20.5,5.562095859959991
20.6,5.537155738801907
20.7,5.525108645187059
20.8,5.563347534315058
20.9,5.566729499582296
