temp,MC
19.1,4.4847588008183426
19.2,4.407928137291538
19.3,4.330039413267915
19.4,4.266225290208672
19.5,4.228164964166293
19.6,4.2101123400768214
19.7,4.025180756624459
19.8,3.9663826997534852
19.9,4.052214546159257
20.0,4.279241266781471
20.1,4.324843692730694
20.2,4.3660230297899325
20.3,4.415815100361772
20.4,4.317073352473231
20.5,4.46188632824643
20.6,4.389891564755405
20.7,4.477722966009788
20.8,4.336155617085083
20.9,4.401169038575582
