temp,MC
19.1,5.232761110892117
19.2,5.241143000462009
19.3,5.2914975120253605
19.4,5.247166281689898
19.5,5.334869430495562
19.6,5.344102257597777
19.7,5.365102847873404
19.8,5.466864144932325
19.9,5.447894867400817
20.0,5.510507156833705
20.1,5.532980622342615
20.2,5.572005813484377
20.3,5.543886967307847
20.4,5.564406664735076
20.5,5.5620958605514925
20.6,5.537155739277433
20.7,5.525108647135067
20.8,5.563347537869228
20.9,5.566729501465254
