averagenrmse,y_pred
0.849952711,0.9042530903866186
0.895702804,0.8246104095391906
1.03776813,0.8416302491218353
0.950768805,1.139786344388512
1.020907269,0.9552453954788412
0.88494679,1.0292530598858045
0.800559534,0.992141307191077
