temp,MC
19.1,0.8845172494468871
19.2,0.8930675530652211
19.3,0.9064724422515269
19.4,1.0498787629021198
19.5,0.9774192224563084
19.6,0.9188016984722998
19.7,0.9290178172634498
19.8,1.1059956964602602
19.9,1.0802405034013396
20.0,0.9421609878715518
20.1,1.0479800809743534
20.2,1.0411645082436494
20.3,0.9526946288520974
20.4,0.9445053249372511
20.5,0.9419220629233772
20.6,0.9417760092993115
20.7,0.9493219900909325
20.8,0.9509555314583118
20.9,0.9419507974045368
