temp,MC
19.1,0.0
19.2,0.0
19.3,0.0
19.4,0.11249506155162084
19.5,0.29818140234767904
19.6,0.5993120076611463
19.7,0.9420566724825257
19.8,0.8473291636447027
19.9,1.0291144348357442
20.0,1.0160818252985058
20.1,1.1221496749883344
20.2,0.7989891679972663
20.3,1.2080804193210712
20.4,1.1386183610957903
20.5,0.8956125513902327
20.6,2.1408744285277566
20.7,0.813548052415901
20.8,0.9038043245859337
20.9,0.9205982784022387
