temp,MC
19.1,1.2708032809326568
19.2,1.3879674884759012
19.3,1.4408015358075699
19.4,1.450349026113264
19.5,1.470879618451032
19.6,1.0482159475530826
19.7,0.9411731005095927
19.8,1.0059018759753833
19.9,1.0950778184126402
20.0,1.1598476543063718
20.1,0.9617832658915246
20.2,0.9655775604685493
20.3,1.1289801052788142
20.4,1.1680049119089495
20.5,1.0842927523893056
20.6,0.9642358999156995
20.7,1.114409145395082
20.8,1.0763827859811512
20.9,1.094246126346502
