temp,MC
19.1,0.43307099481533057
19.2,0.5235625432133133
19.3,0.7115791102228468
19.4,0.652715480321064
19.5,0.6006552841446098
19.6,0.7165509349583268
19.7,0.7645227584318641
19.8,0.8090368838312946
19.9,0.7892050790414319
20.0,0.7296707955469715
20.1,0.8117803392141036
20.2,0.7698949883785695
20.3,0.8474542818770456
20.4,1.0354867262846095
20.5,1.0074896743936657
20.6,0.8385930853575212
20.7,0.8722477058624619
20.8,0.844749073019637
20.9,0.8618687025047993
